timestamp,location_id,latitude,longitude,water_level_m,rainfall_mm,flow_rate_m3s,elevation_m,historical_risk,FRI,risk_level
1/1/2025 0:00,4,7.1812287388095815,79.81875858711649,1.44,88.1,4.82,6.7,1,0.70825,High
1/1/2025 1:00,5,6.932300121868205,79.90746899281012,2.17,62.6,1.35,20.9,1,0.7905,High
1/1/2025 2:00,3,7.021105986734196,79.80887389681212,1.38,104.2,3.34,39.5,0,0.5365,Medium
1/1/2025 3:00,5,7.028916987668335,79.99926607465835,0.54,29.4,4.9,29.1,0,0.1815,Low
1/1/2025 4:00,5,7.192132633486419,79.99048428,0.82,18.9,1.93,34,0,0.21125,Low
1/1/2025 5:00,2,6.830138502402451,80.1325486,0.84,19.2,0.19,9.5,1,0.416,Medium
1/1/2025 6:00,3,6.922278807714872,79.92311089590842,1.05,40.1,1.3,30.9,0,0.31025,Low
1/1/2025 7:00,3,6.876364412460139,80.12655429408522,1.12,28.6,4.17,16.2,0,0.29550000000000004,Low
1/1/2025 8:00,3,6.907389942756063,80.18718950617593,2.02,111.6,4.34,41.7,1,0.883,High
1/1/2025 9:00,5,6.994111949710526,79.83536328934626,0.94,12.7,3.87,31.5,1,0.41975,Medium
1/1/2025 10:00,4,6.949074747,80.11672713578785,1.22,83.9,0.65,9.9,1,0.65375,Medium
1/1/2025 11:00,3,6.957876586723788,80.03598235885505,1.6,22.7,4,3.2,1,0.5767500000000001,Medium
1/1/2025 12:00,5,7.137685256290525,79.99201838680739,1.01,105.8,4.6,2.1,1,0.6665,Medium
1/1/2025 13:00,2,7.1720067339243325,79.96821431146603,2.11,115.4,3.04,18.6,0,0.7104999999999999,High
1/1/2025 14:00,4,6.828166452339818,80.11386730557773,1.51,55.9,4.71,13.3,1,0.64175,Medium
1/1/2025 15:00,2,6.883567487046144,80.05574454,0.81,105.5,4.15,32.3,0,0.42574999999999996,Medium
1/1/2025 16:00,4,7.068457407,80.12201786700774,1.81,0.6,3.37,25,0,0.3635,Low
1/1/2025 17:00,5,6.943458712518465,80.16126042347065,1.37,98.4,2.93,13.3,1,0.72,High
1/1/2025 18:00,1,6.901665459627895,80.04690548483892,1.38,27.4,1.81,7.5,1,0.5445,Medium
1/1/2025 19:00,4,6.918116235367576,80.19218509003696,1.25,109,0.88,6.4,1,0.7224999999999999,High
1/1/2025 20:00,2,6.929020306,80.04323513981676,1.29,0.1,3.06,43.2,0,0.25825,Low
1/1/2025 21:00,5,7.139467918,80.05465772864892,1.94,66.7,1.66,12.2,1,0.75475,High
1/1/2025 22:00,4,6.854648532576811,80.02192624341689,0.35,90.8,4.35,32.6,1,0.497,Medium
1/1/2025 23:00,1,7.0835643987640475,79.83640083642052,0.9,31,4.97,40.5,1,0.4575,Medium
1/2/2025 0:00,1,7.021127990763163,80.09055881,0.28,23.2,3.79,30.7,1,0.314,Low
1/2/2025 1:00,3,6.918604057459119,80.01897852275964,1.91,10.1,0.54,43,1,0.6072500000000001,Medium
1/2/2025 2:00,3,6.9679123425785106,79.98036417896644,0.75,39.2,1.51,19.6,0,0.248,Low
1/2/2025 3:00,2,6.9024827774377835,80.16418851136132,2.25,67.2,0.63,47.8,0,0.618,Medium
1/2/2025 4:00,4,7.044605484346272,79.91918378061678,1.36,13.9,3.29,6.7,0,0.30675,Low
1/2/2025 5:00,4,6.832637672160096,80.00944091,2.02,45.2,3.85,5.1,1,0.7170000000000001,High
1/2/2025 6:00,3,6.802073945109594,80.07905674859738,2.45,1.1,4.64,32.9,1,0.69275,Medium
1/2/2025 7:00,4,7.051157765979455,80.11858871026955,2.12,98.2,2.25,47.1,1,0.8694999999999999,High
1/2/2025 8:00,4,6.877709581404817,79.98373872317846,2.18,15.4,4.52,40.4,0,0.47450000000000003,Medium
1/2/2025 9:00,1,6.828376366799971,80.13683656600749,1.08,34,4.4,3.8,1,0.5010000000000001,Medium
1/2/2025 10:00,3,6.958713530885555,80.10756709652615,1.42,2.2,1.65,14,1,0.4895,Medium
1/2/2025 11:00,5,6.820307412415759,79.82649439114074,0.71,51.9,4.36,46.5,1,0.47175,Medium
1/2/2025 12:00,3,7.154646859580264,79.81834450656186,0.57,100.8,1.94,12.7,0,0.366,Low
1/2/2025 13:00,5,6.8110467087494815,80.04832227376883,1.31,47.1,1.55,39.1,1,0.57975,Medium
1/2/2025 14:00,1,7.031545958203023,79.93896536329017,1.53,21.5,3.28,41.3,0,0.35975,Low
1/2/2025 15:00,2,6.9753896492072345,79.88365231643141,0.91,90.4,1.71,24.8,1,0.6080000000000001,Medium
1/2/2025 16:00,4,7.068810454,80.03185997,1.47,94.7,3.19,19.3,0,0.5307499999999999,Medium
1/2/2025 17:00,1,6.931261066989893,79.93662528418261,2.23,20.9,3.09,22.5,0,0.49825,Medium
1/2/2025 18:00,4,6.862016646691098,80.01490536668562,1.44,92.5,2.86,11.3,0,0.51925,Medium
1/2/2025 19:00,2,7.192736355324213,79.98404766359343,1.83,113.7,1.96,44.5,1,0.85025,High
1/2/2025 20:00,2,7.135573400827745,80.03390644237966,2.03,20,2.79,22.5,1,0.6559999999999999,Medium
1/2/2025 21:00,1,7.144161847,79.96012019556412,2.47,92.5,3.02,44.1,0,0.7252500000000001,High
1/2/2025 22:00,2,6.900100544206346,80.07906702947878,1.55,85,2.77,5.3,0,0.5225,Medium
1/2/2025 23:00,5,6.815533893771769,79.87202690893972,2.04,56.8,2.28,49.4,1,0.75,High
1/3/2025 0:00,2,6.921306205869289,80.07860058649084,2.41,7,0.17,22.2,1,0.6995,Medium
1/3/2025 1:00,4,7.014832970878662,79.96466448574301,2.37,9,2.98,2.4,0,0.49650000000000005,Medium
1/3/2025 2:00,4,6.930660496718416,80.14972704194177,0.44,102.3,0.93,1.9,1,0.54375,Medium
1/3/2025 3:00,4,7.1311476015150355,80.00609442194569,1.08,118.8,3.25,37.3,1,0.7130000000000001,High
1/3/2025 4:00,4,6.908617166327897,80.18924413970804,0.88,81.1,3.82,33,1,0.57875,Medium
1/3/2025 5:00,5,7.186100732156308,80.04077415821638,0.31,53.5,2.55,40.1,1,0.39575000000000005,Low
1/3/2025 6:00,3,6.9829060646454915,79.88953962636252,1.62,77.7,2.76,5.3,0,0.51825,Medium
1/3/2025 7:00,1,7.1368092300047925,80.12871625473778,1.87,71.3,4.76,1.8,1,0.7522500000000001,High
1/3/2025 8:00,4,6.8777520135979495,79.93803305112895,2.14,46,4.25,25.4,1,0.7430000000000001,High
1/3/2025 9:00,2,6.964541562022672,79.93904768579307,0.39,7.9,4.58,19.4,0,0.09775,Low
1/3/2025 10:00,4,7.079804884306878,79.81272187259407,2.2,98.6,4.09,23.1,0,0.6865000000000001,Medium
1/3/2025 11:00,2,6.855341236967121,80.01948612368297,1.64,44.6,0.63,49.6,1,0.6395,Medium
1/3/2025 12:00,2,6.853098168897188,80.01376940149301,1.79,98.3,0.83,48.5,1,0.80375,High
1/3/2025 13:00,4,7.187814746845664,79.94239659370879,2.29,30.3,2.68,47.1,1,0.7337500000000001,High
1/3/2025 14:00,5,7.085838041671981,80.15768690515837,1.6,0.1,1.31,39.2,1,0.52025,Medium
1/3/2025 15:00,2,6.816427007,79.85149935931986,0.91,19.1,2.44,17.7,0,0.22975,Low
1/3/2025 16:00,2,6.9595283605779175,79.93203980532407,2.08,56.2,2.03,20.6,0,0.5565,Medium
1/3/2025 17:00,4,6.973408295032296,79.92863310587201,0.97,113.3,2.79,27.5,0,0.47724999999999995,Medium
1/3/2025 18:00,2,7.097617057199646,79.83691623,0.18,12.3,3.76,41.5,1,0.26675000000000004,Low
1/3/2025 19:00,2,6.900344210938664,79.99245815762252,2.09,102.5,3.61,3.4,1,0.87425,High
1/3/2025 20:00,4,6.873733469732548,80.07511388683844,0.93,63.2,2.65,21.2,1,0.544,Medium
1/3/2025 21:00,4,6.832349186646879,80.00466281,1.96,99.1,4.13,4.1,1,0.83975,High
1/3/2025 22:00,1,6.971325789976043,79.86279107308647,0.97,35.8,2.21,25.7,0,0.2835,Low
1/3/2025 23:00,5,7.075399960306147,79.95091438609683,2.17,100.8,4.49,44.9,0,0.6859999999999999,Medium
1/4/2025 0:00,5,6.823277438203378,79.80103800975346,0.63,92.7,0.45,39.1,1,0.55775,Medium
1/4/2025 1:00,2,7.166085491050592,80.14732044281423,2.44,27.6,4.78,11.4,0,0.5569999999999999,Medium
1/4/2025 2:00,5,6.976940891892442,79.83380680307226,1.97,15.8,3.31,48.8,1,0.6335,Medium
1/4/2025 3:00,2,6.895914943662961,80.03891123290217,0.37,104.2,1.96,33.4,1,0.5345,Medium
1/4/2025 4:00,1,6.837549316032517,80.19450279834673,1.46,115.6,1.07,0.5,0,0.581,Medium
1/4/2025 5:00,4,6.8731463988429224,80.01463625839493,2.46,3.8,2.45,12.8,1,0.7015,High
1/4/2025 6:00,4,7.173845598935884,80.16961670364297,1.23,87.8,1.05,13,1,0.6655,Medium
1/4/2025 7:00,4,7.055308238,79.89444661324696,0.54,109.1,0.92,3.5,0,0.3807499999999999,Low
1/4/2025 8:00,5,7.006678502970627,80.10398216357504,1.26,102.9,3.13,48,1,0.7092499999999999,High
1/4/2025 9:00,1,7.062844531400067,80.01250630158941,1.33,115.7,2.66,23.9,1,0.75525,High
1/4/2025 10:00,5,6.974269159471157,80.08820642455659,1.88,91.2,3.38,44.8,0,0.604,Medium
1/4/2025 11:00,5,7.0920157266247275,79.82493654500449,1.78,53.1,4.66,16.1,1,0.68875,Medium
1/4/2025 12:00,1,6.819086451076659,79.85909563676249,1.07,37.4,2.71,6.3,0,0.3075,Low
1/4/2025 13:00,1,7.026414884197631,79.85324677,0.62,38.5,2.95,23.7,1,0.42025,Medium
1/4/2025 14:00,1,6.863458579056997,80.07486620216133,1.65,86.9,0.54,5.7,0,0.54725,Medium
1/4/2025 15:00,1,6.848065859122257,80.13777626905345,1.11,89.5,3.62,24.3,0,0.44575000000000004,Medium
1/4/2025 16:00,4,6.936751866686561,80.09984649280344,0.42,24,2.06,46,0,0.144,Low
1/4/2025 17:00,3,6.836719626325377,79.81218886109343,2.26,104.2,4.89,26,1,0.9124999999999999,High
1/4/2025 18:00,3,6.837662795307424,80.14688599242989,1.76,85.8,4.13,30.8,0,0.5665,Medium
1/4/2025 19:00,1,6.924565323756518,79.94165866831725,1.74,67.5,2.66,7.8,0,0.5167499999999999,Medium
1/4/2025 20:00,3,7.191804211448604,79.95886553300163,2.07,56.6,0.7,2.2,0,0.5555,Medium
1/4/2025 21:00,3,6.870132107955735,79.84194767,1.37,65.2,4.31,5.5,0,0.43700000000000006,Medium
1/4/2025 22:00,1,6.806864441,80.09496208243753,2.06,19.1,4.02,29.9,0,0.45975000000000005,Medium
1/4/2025 23:00,3,7.1053457692015645,79.87291355139038,1.3,24.4,1,4.8,1,0.521,Medium
1/5/2025 0:00,5,7.122765190820312,80.02558603680754,0.26,10.9,1.55,18.8,1,0.27925,Low
1/5/2025 1:00,2,6.938521728,80.13628399435117,1.07,18.4,3.99,27.5,1,0.46,Medium
1/5/2025 2:00,2,6.985869525175844,79.83568173148483,1.29,54.4,1.01,19.4,1,0.5940000000000001,Medium
1/5/2025 3:00,1,7.059909473057106,80.01413422560621,1.83,63.6,4.6,8.2,1,0.7250000000000001,High
1/5/2025 4:00,4,6.8192235696788135,79.89328656461991,0.36,2.1,2.18,13.7,1,0.27725,Low
1/5/2025 5:00,1,7.179658292636555,79.93717075,0.44,95.6,0.53,46.4,1,0.5269999999999999,Medium
1/5/2025 6:00,4,7.154672154919219,79.98958797657222,0.73,35.3,4.1,33.8,0,0.23424999999999996,Low
1/5/2025 7:00,2,6.904357449336685,79.94204172131172,0.74,109.4,1.93,24.8,1,0.6214999999999999,Medium
1/5/2025 8:00,1,6.806121816116153,80.05952913611664,1.86,116.1,2.68,0.6,0,0.66225,Medium
1/5/2025 9:00,5,7.173374523231793,79.99183284,0.7,22.3,0.65,49.6,0,0.19574999999999998,Low
1/5/2025 10:00,3,7.000415953566104,80.03367979388567,1.62,55.5,0.11,33.6,1,0.66275,Medium
1/5/2025 11:00,4,7.015750979360025,80.09472899015796,1.29,0.1,3.23,15.8,0,0.25825,Low
1/5/2025 12:00,3,7.073585507759256,80.02309690638018,1.48,71.8,2.62,44,0,0.4754999999999999,Medium
1/5/2025 13:00,3,7.046340465755965,80.03461417,2.11,72.9,3.01,12.9,0,0.60425,Medium
1/5/2025 14:00,1,7.177556641824303,80.02578341700905,1.07,29.7,3.99,27.2,0,0.28825,Low
1/5/2025 15:00,3,7.177700638850067,79.95150905038051,1.95,67,3.27,31.8,1,0.7575000000000001,High
1/5/2025 16:00,5,7.146879573422002,79.93497873354876,1.11,27.1,0.96,11.1,1,0.4897500000000001,Medium
1/5/2025 17:00,3,7.054561438978404,80.15985895885801,0.95,19.3,1.87,48.9,1,0.43825000000000003,Medium
1/5/2025 18:00,1,7.120379718,80.04302208891743,2.4,78.2,4.54,37.4,1,0.8755,High
1/5/2025 19:00,5,7.070867336953193,79.89774126218586,0.54,39.1,3.87,27.9,1,0.40575000000000006,Medium
1/5/2025 20:00,2,7.029346816668773,79.99929907913958,0.32,70.8,2.83,9,1,0.441,Medium
1/5/2025 21:00,3,6.851400141293564,79.93213939251237,1.95,52,1.35,2.7,1,0.72,High
1/5/2025 22:00,1,7.124481670694402,80.17347672950395,0.26,118.1,1.58,16,1,0.54725,Medium
1/5/2025 23:00,2,7.128255790297582,79.80301374525362,2.11,17.9,3.69,37.7,1,0.66675,Medium
1/6/2025 0:00,2,7.050375868040629,79.89013311908501,1.15,55.8,4.27,13.5,1,0.5694999999999999,Medium
1/6/2025 1:00,4,7.1281707375085075,79.94614272786963,2.3,81.7,3.39,27,0,0.66425,Medium
1/6/2025 2:00,5,7.060593908743115,79.99512392,1.83,47.5,4.07,36.4,1,0.68475,Medium
1/6/2025 3:00,3,6.882673743950698,80.14032700713446,1.56,117,3.86,5.4,0,0.6045,Medium
1/6/2025 4:00,1,6.909584450928453,79.83515504981605,2.38,86.6,0.83,34.3,0,0.6924999999999999,Medium
1/6/2025 5:00,4,6.885835648,80.12234595469646,1.05,78.8,2.18,4.6,0,0.40700000000000003,Medium
1/6/2025 6:00,5,6.950903633,79.82226139574279,2.39,90.8,0.85,48.3,0,0.7050000000000001,High
1/6/2025 7:00,4,6.815585252924094,80.13692561411928,0.42,114.3,1.25,24.4,1,0.56975,Medium
1/6/2025 8:00,5,7.047301553735157,79.82065419,1.26,108.9,4.36,7.5,0,0.52425,Medium
1/6/2025 9:00,5,6.9346216859554906,79.80729699257134,0.75,86.9,2.42,17.1,1,0.56725,Medium
1/6/2025 10:00,3,7.062289054152297,80.07878458494658,1.4,89.9,2.72,20.7,1,0.70475,High
1/6/2025 11:00,5,6.954158648386226,80.19890221390736,0.49,17.5,0.97,37.9,0,0.14175000000000001,Low
1/6/2025 12:00,4,7.0726454675891155,80.15864410518961,2.12,12.3,1.63,37.2,1,0.65475,Medium
1/6/2025 13:00,5,6.936249827785696,80.03039936712227,2.13,68.5,1.23,30.6,0,0.59725,Medium
1/6/2025 14:00,3,6.904277811294361,80.16695824523421,2.39,2.2,1.11,5.3,0,0.48350000000000004,Medium
1/6/2025 15:00,3,6.998414981717363,79.80212000255904,0.47,57.9,3.23,7.6,1,0.43875,Medium
1/6/2025 16:00,4,7.077156143476776,80.19002686517806,1.6,25.2,1.36,4.7,1,0.583,Medium
1/6/2025 17:00,2,6.939334641781279,79.99629951170351,1.24,41.5,3.2,28.9,0,0.35175,Low
1/6/2025 18:00,2,7.174659260742283,80.08915843864871,0.93,93.1,0.39,43.9,1,0.6187499999999999,Medium
1/6/2025 19:00,5,6.815674530670258,80.12834458926135,0.94,112.9,0.79,21.7,1,0.67025,Medium
1/6/2025 20:00,1,6.9671784126862315,80.08738290833462,1.09,8.7,1.45,8,1,0.43975000000000003,Medium
1/6/2025 21:00,5,7.187032220608099,80.01401469281797,1.79,64.1,3.03,27.9,0,0.51825,Medium
1/6/2025 22:00,4,7.019188753299235,79.99064779365057,1.54,105.9,3.41,40.6,0,0.57275,Medium
1/6/2025 23:00,4,6.969388376923248,80.13543302348106,1.2,9.9,2.27,37.1,1,0.46475,Medium
1/7/2025 0:00,4,7.027408113499983,79.88203102405978,0.28,98.9,2.28,44.1,1,0.50325,Medium
1/7/2025 1:00,4,7.030369830103234,80.18719763,0.29,42.9,3.65,13.9,1,0.36525,Low
1/7/2025 2:00,4,7.092659102119856,80.08438099,0.11,38.7,0.18,9.7,1,0.31875,Low
1/7/2025 3:00,3,6.8510758917689865,79.87980277093533,2.42,117.3,1.77,44,1,0.97725,High
1/7/2025 4:00,2,6.900006579686441,80.09449887,0.11,24.1,4.11,32.9,0,0.08225,Low
1/7/2025 5:00,4,7.032217604937564,80.01193600927245,0.35,83.2,3.06,15.5,1,0.478,Medium
1/7/2025 6:00,1,7.146846642883889,80.08289203825778,0.86,98.6,1.75,37.1,0,0.4185,Medium
1/7/2025 7:00,1,7.024746676857509,80.10711180057714,2.04,4.9,4.54,40.8,1,0.62025,Medium
1/7/2025 8:00,1,6.895438743916136,79.83491607183586,2.41,80.4,3.89,30.7,0,0.683,Medium
1/7/2025 9:00,1,7.071937911960099,80.00244158254374,2,114.2,1.4,34.4,1,0.8855,High
1/7/2025 10:00,3,7.0959635041789495,80.17280573690277,1.76,14.9,3.26,18.8,0,0.38925,Low
1/7/2025 11:00,1,6.895294460961591,79.92825688,1.35,107.5,3.02,26.9,1,0.73875,High
1/7/2025 12:00,4,6.951091554470518,80.03755323902315,0.31,71.4,2.07,26.2,0,0.24050000000000002,Low
1/7/2025 13:00,5,7.013730989412226,79.94769219260395,2.4,74,1.9,42.4,0,0.665,Medium
1/7/2025 14:00,1,6.998624476273231,79.98170718888764,1.92,73.6,1.78,42,0,0.568,Medium
1/7/2025 15:00,3,6.955847234487681,80.01944124717527,1.63,35.9,3.12,41.6,0,0.41574999999999995,Medium
1/7/2025 16:00,3,6.919054069803725,80.01956879195559,1.92,112.2,2.27,0.6,0,0.6645000000000001,Medium
1/7/2025 17:00,1,6.839993954864745,79.88069218493209,1.84,113.7,4.18,37.5,0,0.65225,Medium
1/7/2025 18:00,5,6.821394118698947,80.07382861915194,1.63,75,3.38,37.9,1,0.7135,High
1/7/2025 19:00,1,7.183416598753279,79.83514724449707,2.45,94,0.44,33.9,0,0.7250000000000001,High
1/7/2025 20:00,3,7.138857257638236,79.85552990937681,2.27,73.5,3.24,37.8,1,0.83775,High
1/7/2025 21:00,2,6.941962076185089,79.80108435976572,1.65,58.1,1.43,42.1,1,0.6752499999999999,Medium
1/7/2025 22:00,4,7.182720354050582,79.84667842565668,1.76,79.3,3,23.5,1,0.7502499999999999,High
1/7/2025 23:00,3,7.070707961769721,79.98926648042075,0.22,66.4,3.43,25.1,1,0.41000000000000003,Medium
1/8/2025 0:00,1,6.993008379857057,80.04244075242234,1.71,71.7,1.23,6.2,1,0.72125,High
1/8/2025 1:00,4,6.997210263108722,80.11771577998658,0.21,94.1,2.34,19.3,0,0.27724999999999994,Low
1/8/2025 2:00,1,6.8333137644781035,79.84267970004537,1.51,57.7,1.03,32.2,0,0.44625,Medium
1/8/2025 3:00,1,6.836681658903392,80.14029098400658,2.5,4.9,0.36,39,0,0.51225,Medium
1/8/2025 4:00,2,7.040976370360448,80.09838981021949,1.43,19.7,1.95,10.9,1,0.53525,Medium
1/8/2025 5:00,4,7.021481220938321,79.96340731717437,1.24,52.6,1.88,6.9,0,0.3795,Low
1/8/2025 6:00,4,6.885091158009692,80.17317522683999,0.85,87,4.98,33.2,0,0.38749999999999996,Low
1/8/2025 7:00,2,7.178477817152676,80.19637179058296,0.39,71.2,2.29,0.1,0,0.256,Low
1/8/2025 8:00,3,7.112518420188481,79.88200072,1.85,78,1.73,8.9,0,0.565,Medium
1/8/2025 9:00,1,6.845385840806979,79.95169143398552,0.56,57.5,2.94,1.5,0,0.25575000000000003,Low
1/8/2025 10:00,5,7.172371642274917,80.17057976943589,0.38,73.9,0.53,8.3,1,0.46075,Medium
1/8/2025 11:00,1,7.1896992834137645,80.08863862030051,1.11,39.5,4.81,9.1,0,0.32075000000000004,Low
1/8/2025 12:00,1,7.198372496812132,79.81923785758563,2.01,56.4,3.21,19.4,1,0.7429999999999999,High
1/8/2025 13:00,3,6.822348462,80.11260579270056,1.89,89.3,3.8,20.1,1,0.80125,High
1/8/2025 14:00,1,7.094814222716404,80.13117635,0.23,104.6,0.94,43.7,1,0.5075,Medium
1/8/2025 15:00,2,7.018366308065995,80.10020076990612,1.19,52,2.11,25.5,1,0.5680000000000001,Medium
1/8/2025 16:00,2,7.082332593551478,80.11981485236781,1.35,5.2,2.17,36.2,1,0.48300000000000004,Medium
1/8/2025 17:00,4,7.187460777589654,80.13005307067712,1.65,19.4,4.13,5.2,0,0.37849999999999995,Low
1/8/2025 18:00,5,7.075212004070016,79.87456199471525,1.66,2.5,0.11,11.3,0,0.33824999999999994,Low
1/8/2025 19:00,1,7.13478555,79.8942767,0.98,78.4,1.57,35.1,0,0.392,Low
1/8/2025 20:00,1,7.146747482124336,80.05350342548807,1.45,39.9,4.91,2.6,1,0.58975,Medium
1/8/2025 21:00,3,7.135392305505595,80.16314645,1.25,65.1,2.43,24.3,0,0.41274999999999995,Medium
1/8/2025 22:00,2,6.970436590018776,79.92647863,2.22,59.2,1.97,30,0,0.5920000000000001,Medium
1/8/2025 23:00,5,6.889030567028412,80.03532267031802,1.37,9.8,0.69,30.1,1,0.49850000000000005,Medium
1/9/2025 0:00,4,6.958660640781701,80.07319282536686,1.16,48.4,4.87,1.1,1,0.5529999999999999,Medium
1/9/2025 1:00,2,7.156758763510711,79.98077944051961,1.07,26.5,0.2,16.1,1,0.48025,Medium
1/9/2025 2:00,4,6.858641929,80.08551298194213,1.47,50.2,3.71,31.8,1,0.6194999999999999,Medium
1/9/2025 3:00,3,7.005330467476957,80.15986697811687,2.03,24.4,3.87,7.4,0,0.46699999999999997,Medium
1/9/2025 4:00,3,6.893291228969811,80.04964061767274,1.39,100.9,1.29,34.8,1,0.7302500000000001,High
1/9/2025 5:00,1,7.032522166890713,80.01591242476586,1.69,20.9,3.39,37.3,1,0.5902499999999999,Medium
1/9/2025 6:00,5,7.1452554087956015,79.97549787015534,1.87,115.3,0.56,49.1,0,0.66225,Medium
1/9/2025 7:00,4,7.152143987455367,80.03099450836245,1.35,49.9,1.36,10.5,0,0.39475000000000005,Low
